date,code,label,buy,mid,sell,reason
2013-06-28,USD,US DOLLAR,154.75,155.25,155.75,identical_duplicate
2013-10-09,GBP,POUNDS STERLING,246.9974,247.7954,248.5933,identical_duplicate
2013-10-11,DKK,DANISH KRONA,28.1554,28.2463,28.3373,conflict_rejected(prev_mid=28.1756)
2013-10-11,EUR,EURO,210.0384,210.7169,211.3955,conflict_rejected(prev_mid=210.2201)
2013-10-11,XOF,CFA,0.3003,0.3103,0.3203,identical_duplicate
2013-10-21,GBP,POUNDS STERLING,250.0086,250.8156,251.6226,identical_duplicate
2013-10-23,JPY,YEN,1.5923,1.5974,1.6025,conflict_rejected(prev_mid=1.5797)
2013-11-22,GBP,POUNDS STERLING,250.6626,251.4726,252.2826,identical_duplicate
2016-04-11,EUR,EURO,223.4008,223.9707,224.5406,conflict_rejected(prev_mid=223.5974)
2016-11-01,CHF,SWISS FRANC,313.2722,313.7871,314.3019,conflict_rejected(prev_mid=307.7623)
2017-10-09,JPY,YEN,46.0035,46.0795,46.1555,conflict_rejected(prev_mid=2.7014)
2018-02-16,CHF,SWISS FRANC,328.841,329.3801,329.9191,conflict_rejected(prev_mid=330.1448)
2019-01-22,DKK,DANISH KRONA,426.0406,426.7372,427.4338,conflict_rejected(prev_mid=46.6366)
2019-01-28,DKK,DANISH KRONA,46.7825,46.859,46.9355,conflict_rejected(prev_mid=46.5417)
2019-09-23,CHF,SWISS FRANC,309.4155,309.9211,310.4268,conflict_rejected(prev_mid=309.1826)
2020-06-08,SAR,RIYAL,95.936,96.0693,96.2025,conflict_rejected(prev_mid=95.9925)
2020-06-11,XUA,WAUA,423.8798,424.4685,425.0572,identical_duplicate
2020-06-22,CNY,YUAN/RENMINBI,50.9552,51.0265,51.0977,conflict_rejected(prev_mid=50.9291)
2020-07-22,EUR,EURO,416.736,417.3148,417.8936,conflict_rejected(prev_mid=412.5202)
2020-10-21,DKK,DANISH KRONA,60.3311,60.4107,60.4903,identical_duplicate
2020-10-21,SAR,RIYAL,101.0505,101.1838,101.3171,identical_duplicate
2020-10-21,ZAR,SOUTH AFRICAN RAND,23.1189,23.1494,23.1799,identical_duplicate
2020-11-18,USD,US DOLLAR,379.0,379.5,380.0,identical_duplicate
2020-11-26,CNY,YUAN/RENMINBI,24.9313,24.9641,24.997,conflict_rejected(prev_mid=57.677)
2020-12-01,CHF,SWISS FRANC,415.8894,416.4381,416.9867,conflict_rejected(prev_mid=420.0797)
2021-05-06,CHF,SWISS FRANC,417.263,417.8135,418.364,identical_duplicate
2021-07-05,DKK,DANISH KRONA,65.2989,65.3787,65.4585,identical_duplicate
2021-07-05,XDR,SDR,582.5602,583.2722,583.9841,identical_duplicate
2021-07-14,SAR,RIYAL,109.081,109.2143,109.3476,identical_duplicate
2021-08-10,CNY,YUAN/RENMINBI,27.6227,27.6565,27.6902,conflict_rejected(prev_mid=63.2047)
2021-08-26,ZAR,SOUTH AFRICAN RAND,27.4423,27.4758,27.5093,identical_duplicate
2021-09-21,DKK,DANISH KRONA,64.4851,64.5638,64.6425,conflict_rejected(prev_mid=64.9549)
2021-11-03,CHF,SWISS FRANC,450.0219,450.5704,451.1189,identical_duplicate
2021-11-17,CNY,YUAN/RENMINBI,26.5021,26.5343,26.5666,conflict_rejected(prev_mid=64.3452)
2022-03-15,XDR,SDR,65.1252,65.2041,65.2829,conflict_rejected(prev_mid=575.3836)
2022-03-22,CHF,SWISS FRANC,446.0531,446.5901,447.1271,conflict_rejected(prev_mid=444.3269)
2022-03-29,USD,US DOLLAR,415.22,415.72,416.22,conflict_rejected(prev_mid=415.75)
2022-03-30,CHF,SWISS FRANC,0.675,0.685,0.695,conflict_rejected(prev_mid=444.8427)
2022-07-19,XUA,WAUA,110.1984,110.4647,110.7309,conflict_rejected(prev_mid=541.927)
2022-07-22,XUA,WAUA,543.085,543.7397,544.3944,conflict_rejected(prev_mid=545.5299)
2022-07-29,CNY,YUAN/RENMINBI,61.5198,61.6686,61.8174,identical_duplicate
2022-08-22,CHF,SWISS FRANC,441.5833,442.1097,442.6361,conflict_rejected(prev_mid=439.5822)
2022-08-22,JPY,YEN,3.1219,3.1256,3.1294,conflict_rejected(prev_mid=3.0723)
2022-10-12,ZAR,SOUTH AFRICAN RAND,23.8453,23.8727,23.9002,identical_duplicate
2023-03-17,XOF,CFA,0.7237,0.7337,0.7437,identical_duplicate
2023-04-18,SAR,RIYAL,122.6518,122.7851,122.9184,identical_duplicate
2023-05-05,ZAR,SOUTH AFRICAN RAND,25.0196,25.0468,25.074,identical_duplicate
2023-05-08,XUA,WAUA,621.1307,621.8059,622.481,conflict_rejected(prev_mid=620.6156)
2023-11-14,CNY,YUAN/RENMINBI,115.8237,115.8924,115.9611,identical_duplicate
2023-11-15,DKK,DANISH KRONA,120.2722,120.3449,120.4176,identical_duplicate
2023-11-15,GBP,POUNDS STERLING,1028.5002,1029.1221,1029.7441,identical_duplicate
2023-12-12,CHF,SWISS FRANC,967.306,967.8732,968.4403,conflict_rejected(prev_mid=1150.0511)
2023-12-12,EUR,EURO,915.3789,915.9185,916.458,conflict_rejected(prev_mid=917.1874)
2023-12-12,GBP,POUNDS STERLING,1065.4397,1066.0677,1066.6957,conflict_rejected(prev_mid=1268.7116)
2023-12-12,JPY,YEN,5.8286,5.832,5.8354,conflict_rejected(prev_mid=7.0053)
2023-12-12,USD,US DOLLAR,848.28,848.78,849.28,conflict_rejected(prev_mid=1012.62)
2023-12-22,JPY,YEN,7.3143,7.3178,7.3213,conflict_rejected(prev_mid=5.9123)
2024-02-22,CHF,SWISS FRANC,1634.076,1634.6436,1635.2111,conflict_rejected(prev_mid=1775.7352)
2024-02-22,CNY,YUAN/RENMINBI,200.0947,200.1641,200.2336,conflict_rejected(prev_mid=217.4244)
2024-02-22,DKK,DANISH KRONA,208.8617,208.9342,209.0068,conflict_rejected(prev_mid=226.9863)
2024-02-22,EUR,EURO,1557.238,1557.7789,1558.3197,conflict_rejected(prev_mid=1692.4418)
2024-02-22,GBP,POUNDS STERLING,1818.3853,1819.0168,1819.6484,conflict_rejected(prev_mid=1977.0697)
2024-02-22,JPY,YEN,9.5669,9.5702,9.5735,conflict_rejected(prev_mid=10.4273)
2024-02-22,USD,US DOLLAR,1439.621,1440.121,1440.621,conflict_rejected(prev_mid=1563.89)
2024-02-22,XDR,SDR,1909.0814,1909.7445,1910.4075,conflict_rejected(prev_mid=2071.6851)
2024-02-22,XOF,CFA,2.6261,2.6361,2.6461,conflict_rejected(prev_mid=2.5132)
2024-02-22,XUA,WAUA,2128.096,2128.8351,2129.5742,conflict_rejected(prev_mid=2035.602)
2024-02-22,ZAR,SOUTH AFRICAN RAND,75.118,75.1441,75.1702,conflict_rejected(prev_mid=82.5838)
2024-03-27,GBP,POUNDS STERLING,1645.8603,1646.4917,1647.1231,identical_duplicate
2024-04-02,CNY,YUAN/RENMINBI,183.5234,183.5924,183.6615,conflict_rejected(prev_mid=184.0426)
2024-04-02,SAR,RIYAL,354.3885,354.5218,354.6551,conflict_rejected(prev_mid=354.6793)
2024-04-24,XUA,WAUA,1680.2154,1680.937,1681.6585,conflict_rejected(prev_mid=1511.2823)
2024-04-29,XDR,SDR,1809.1199,1809.7786,1810.4374,identical_duplicate
2024-05-24,CNY,YUAN/RENMINBI,204.3319,204.4009,204.47,conflict_rejected(prev_mid=202.7018)
2024-07-02,CHF,SWISS FRANC,1670.7498,1671.3027,1671.8556,conflict_rejected(prev_mid=1672.7865)
2024-07-02,CNY,YUAN/RENMINBI,207.3069,207.3757,207.4444,conflict_rejected(prev_mid=207.6369)
2024-07-02,DKK,DANISH KRONA,218.0537,218.126,218.1983,conflict_rejected(prev_mid=217.6787)
2024-07-02,EUR,EURO,1626.7821,1627.3216,1627.8612,conflict_rejected(prev_mid=1623.8863)
2024-07-02,GBP,POUNDS STERLING,1921.6561,1922.2935,1922.9308,conflict_rejected(prev_mid=1913.9522)
2024-07-02,JPY,YEN,9.3253,9.3284,9.3315,conflict_rejected(prev_mid=9.35)
2024-07-02,SAR,RIYAL,402.7132,402.8464,402.9797,conflict_rejected(prev_mid=402.257)
2024-07-02,USD,US DOLLAR,1510.859,1511.359,1511.859,conflict_rejected(prev_mid=1509.188)
2024-07-02,XDR,SDR,1989.0459,1989.7041,1990.3624,conflict_rejected(prev_mid=1985.035)
2024-07-02,XOF,CFA,2.4521,2.4621,2.4721,conflict_rejected(prev_mid=2.3893)
2024-07-02,XUA,WAUA,1985.562,1986.2191,1986.8762,conflict_rejected(prev_mid=1933.1605)
2024-07-02,ZAR,SOUTH AFRICAN RAND,81.4734,81.5004,81.5273,conflict_rejected(prev_mid=83.1275)
2024-07-04,CNY,YUAN/RENMINBI,208.5519,208.6207,208.6894,conflict_rejected(prev_mid=207.8498)
2024-08-08,XOF,CFA,2.6318,2.6418,2.6518,conflict_rejected(prev_mid=2.6624)
2024-09-02,ZAR,SOUTH AFRICAN RAND,88.9,88.9278,88.9557,conflict_rejected(prev_mid=90.2871)
2024-09-11,CNY,YUAN/RENMINBI,222.9554,223.0256,223.0958,identical_duplicate
2024-09-11,XOF,CFA,2.6908,2.7008,2.7108,identical_duplicate
2024-10-10,SAR,RIYAL,440.6266,440.7597,440.8929,conflict_rejected(prev_mid=433.4735)
2024-10-21,XUA,WAUA,2201.3733,2202.0447,2202.7161,identical_duplicate
2024-11-15,XUA,WAUA,2174.2549,2174.9105,2175.566,conflict_rejected(prev_mid=2177.7024)
2024-12-18,XOF,CFA,2.4353,2.4453,2.4553,identical_duplicate
2025-01-02,CHF,SWISS FRANC,1694.1939,1694.7438,1695.2938,identical_duplicate
2025-03-24,DKK,DANISH KRONA,2035.763,2036.4282,2037.0934,conflict_rejected(prev_mid=223.0013)
2025-03-25,CHF,SWISS FRANC,1740.3853,1740.9518,1741.5184,conflict_rejected(prev_mid=1733.902)
2025-03-25,XUA,WAUA,1963.0718,1963.7302,1964.3887,conflict_rejected(prev_mid=2044.0108)
2025-06-24,XUA,WAUA,2.6975,2.7075,2.7175,conflict_rejected(prev_mid=2106.4417)
2025-06-30,XUA,WAUA,2111.8875,2112.5783,2113.269,conflict_rejected(prev_mid=2099.1951)
2025-07-29,XUA,WAUA,2093.9712,2094.6546,2095.3379,identical_duplicate
2025-09-09,XOF,CFA,10.231,10.2344,10.2378,conflict_rejected(prev_mid=2.6904)
2025-09-17,JPY,YEN,10.2031,10.2065,10.2099,identical_duplicate
2025-10-06,CNY,YUAN/RENMINBI,85.1593,85.1883,85.2172,conflict_rejected(prev_mid=205.7805)
2025-10-17,CNY,YUAN/RENMINBI,84.7523,84.7811,84.8098,conflict_rejected(prev_mid=206.3554)
2025-10-20,XUA,WAUA,2015.7336,2016.4219,2017.1102,identical_duplicate
2025-11-24,GBP,POUNDS STERLING,1677.0182,1677.5953,1678.1725,conflict_rejected(prev_mid=1905.3247)
2025-11-24,JPY,YEN,2.5374,2.5474,2.5574,conflict_rejected(prev_mid=9.2842)
2025-11-27,XOF,CFA,1958.2715,1958.9501,1959.6287,conflict_rejected(prev_mid=2.536)
2025-12-11,DKK,DANISH KRONA,228.2527,228.3312,228.4096,identical_duplicate
2026-02-12,ZAR,SOUTH AFRICAN RAND,368.2399,368.376,368.5121,conflict_rejected(prev_mid=84.7045)
2026-02-24,DKK,DANISH KRONA,1861.1814,1861.8685,1862.5556,conflict_rejected(prev_mid=212.8954)
2026-04-14,CHF,SWISS FRANC,1720.1714,1720.8119,1721.4525,identical_duplicate
2026-05-04,XOF,CFA,1887.8197,1888.5116,1889.2035,conflict_rejected(prev_mid=2.4508)
2026-05-25,EUR,EURO,1753.7876,1754.4258,1755.0641,conflict_rejected(prev_mid=1596.4637)
