date,weighted_avg,simple_avg,high,low,close,deals_interbank,turnover_interbank_usd
2024-12-02,1661.1225,1662.7719,1678.0000,1650.0000,1660.0000,,
2024-12-03,1643.1507,1644.7799,1664.0000,1623.0000,1625.0000,,
2024-12-04,1613.6946,1613.8600,1630.0000,1590.0000,1608.0000,,
2024-12-05,1588.7939,1587.2944,1610.0000,1565.0000,1567.0000,,
2024-12-06,1533.7598,1533.9388,1575.0000,1510.0000,1535.0000,,
2024-12-09,1534.6771,1533.9786,1554.0000,1524.5000,1538.5000,,
2024-12-10,1532.1057,1533.4912,1560.0000,1500.0000,1525.0000,,
2024-12-11,1533.0936,1537.1239,1557.0000,1515.0000,1545.0000,,
2024-12-12,1534.6011,1535.6788,1550.0000,1515.0000,1532.0000,,
2024-12-13,1533.2747,1534.0303,1549.0000,1520.0000,1540.0000,,
2024-12-16,1533.5669,1536.7541,1555.0000,1520.0000,1550.0000,,
2024-12-17,1534.1055,1536.3403,1555.0000,1522.0000,1540.0000,,
2024-12-18,1538.8780,1541.4846,1565.0000,1531.0000,1545.0000,,
2024-12-19,1537.4253,1538.6333,1550.0000,1531.0000,1540.0000,,
2024-12-20,1536.9275,1538.8851,1570.0000,1532.0000,1542.0000,,
2024-12-23,1535.7157,1537.0368,1545.0000,1532.0000,1538.0000,,
2024-12-24,1538.5728,1539.2254,1545.0000,1533.0000,1537.0000,,
2024-12-27,1538.3917,1539.8733,1550.0000,1532.0000,1535.0000,,
2024-12-30,1536.9170,1536.9817,1540.2500,1533.0000,1537.0000,,
2024-12-31,1535.8175,1536.5068,1550.0000,1520.0000,1535.0000,,
2025-01-02,1541.3611,1540.6500,1545.0000,1538.0000,1538.5000,,
2025-01-03,1534.5585,1535.0082,1540.0000,1531.0000,1535.0000,,
2025-01-06,1533.6065,1533.7692,1537.5000,1530.0000,1536.0000,,
2025-01-07,1534.1643,1534.7808,1543.0000,1531.0000,1538.0000,,
2025-01-08,1539.3976,1539.0714,1545.0000,1537.0000,1545.0000,,
2025-01-09,1541.0559,1541.9874,1551.0000,1535.0000,1542.0000,,
2025-01-10,1542.0256,1542.9021,1548.0000,1538.0000,1544.5000,,
2025-01-13,1546.8530,1546.9856,1550.0000,1543.0000,1550.0000,,
2025-01-14,1547.6695,1550.7021,1560.0000,1545.0000,1549.0000,,
2025-01-15,1549.2019,1550.1174,1554.0000,1546.7500,1550.0000,,
2025-01-16,1549.9500,1551.0500,1559.0000,1545.0000,1560.0000,,
2025-01-17,1546.7212,1547.0800,1552.0000,1540.2000,1548.0000,,
2025-01-20,1547.9989,1548.7045,1551.5000,1545.0000,1551.0000,,
2025-01-21,1551.2508,1551.3765,1555.0000,1548.4000,1555.0000,,
2025-01-22,1551.9172,1552.3344,1565.0000,1550.0000,1553.0000,,
2025-01-23,1550.4787,1550.6159,1558.0000,1548.0000,1548.5000,,
2025-01-24,1533.2630,1531.8946,1550.0000,1515.0000,1531.0000,,
2025-01-27,1534.5483,1534.4464,1537.0000,1530.0000,1533.5000,,
2025-01-28,1527.3959,1526.9589,1538.0000,1520.0000,1520.0000,,
2025-01-29,1508.4000,1508.7500,1520.0000,1500.0000,1506.0000,,
2025-01-30,1500.7785,1508.7017,1517.0000,1490.0000,1493.0000,,
2025-01-31,1478.2200,1477.9900,1499.0000,1440.0000,1475.0000,,
2025-02-03,1488.9900,1491.2500,1500.0000,1480.0000,1499.0000,,
2025-02-04,1497.4100,1497.7200,1502.0000,1494.0000,1499.0000,,
2025-02-05,1499.1400,1499.0200,1501.0000,1495.0000,1500.0000,,
2025-02-06,1499.9820,1500.0000,1507.0000,1495.5000,1502.0000,,
2025-02-07,1500.4100,1500.5800,1503.0000,1496.0000,1502.5000,,
2025-02-10,1499.7800,1499.8800,1504.0000,1495.7500,1502.0000,,
2025-02-11,1503.0718,1503.6000,1508.0000,1500.0000,1513.1000,,
2025-02-12,1504.3000,1507.3500,1515.0000,1501.0000,1513.0000,,
2025-02-13,1507.8800,1509.1000,1517.0000,1501.0000,1515.0000,,
2025-02-14,1508.6637,1510.2763,1520.0000,1500.0000,1511.0000,,
2025-02-17,1508.5889,1509.5663,1515.0000,1504.0000,1512.0000,,
2025-02-18,1507.2230,1507.3287,1515.0000,1504.0000,1510.0000,,
2025-02-19,1509.0387,1509.0818,1513.0000,1507.0000,1510.0000,,
2025-02-20,1500.5240,1500.7389,1510.0000,1490.0000,1496.0000,,
2025-02-21,1500.7304,1501.0266,1509.0000,1491.0000,1502.5000,,
2025-02-24,1497.1100,1501.0000,1504.0000,1495.0000,1504.0000,,
2025-02-25,1495.9100,1501.9500,1505.0000,1495.0000,1501.5000,,
2025-02-26,1499.1100,1498.7100,1503.0000,1495.0000,1495.0000,,
2025-02-27,1499.0700,1499.0200,1500.5000,1496.0000,1496.0000,,
2025-02-28,1492.4900,1500.7300,1504.0000,1490.0000,1500.0000,,
2025-03-03,1498.9800,1499.2300,1501.0000,1497.0000,1499.0000,,
2025-03-04,1491.6700,1500.3400,1503.0000,1490.0000,1502.0000,,
2025-03-05,1500.8000,1501.6100,1505.0000,1497.1000,1505.0000,,
2025-03-06,1512.3000,1512.5500,1520.0000,1505.0000,1520.0000,,
2025-03-07,1517.2448,1522.7780,1615.0000,1505.7500,1542.0000,,
2025-03-10,1530.1500,1532.2900,1540.0000,1512.0000,1528.0000,,
2025-03-11,1536.1532,1535.7331,1540.0000,1520.0000,1537.0000,,
2025-03-12,1538.6807,1540.6790,1550.0000,1532.0000,1546.0000,,
2025-03-13,1547.8190,1549.8493,1560.0000,1543.0900,1549.0000,,
2025-03-14,1517.9300,1522.3700,1548.0000,1480.0000,1548.0000,,
2025-03-17,1528.0300,1531.9800,1552.0000,1512.0000,1549.0000,,
2025-03-18,1532.9300,1536.1200,1549.5000,1522.7000,1539.0000,,
2025-03-19,1530.5200,1533.9500,1545.0000,1500.0000,1538.0000,,
2025-03-20,1530.6200,1534.3300,1545.0000,1526.1700,1536.0000,,
2025-03-21,1536.8900,1537.0500,1540.0000,1535.0000,1538.0000,,
2025-03-24,1531.1900,1532.2900,1537.0000,1527.5000,1533.0000,,
2025-03-25,1532.3900,1533.6600,1537.0000,1528.3100,1535.0000,,
2025-03-26,1537.6200,1537.8000,1541.0000,1528.0000,1539.0000,,
2025-03-27,1538.6600,1538.9100,1540.0000,1535.0000,1540.0000,,
2025-03-28,1536.8200,1538.2600,1542.0000,1520.0000,1537.0000,,
2025-04-02,1531.2500,1531.6300,1535.0000,1525.0000,1534.0000,,
2025-04-03,1552.5300,1550.7400,1570.0000,1535.0000,1569.0000,,
2025-04-04,1567.0200,1573.2300,1625.0000,1519.0300,1600.0000,,
2025-04-07,1612.2368,1628.8934,1655.0000,1590.0000,1629.0000,,
2025-04-08,1611.5535,1612.9681,1634.0000,1589.0000,1615.0000,,
2025-04-09,1629.9366,1639.3026,1650.0000,1589.0000,1644.0000,,
2025-04-10,1591.8496,1603.7313,1636.0000,1500.0000,1630.5000,,
2025-04-11,1603.7832,1611.0840,1630.0000,1570.0000,1626.0000,,
2025-04-14,1604.4809,1605.2533,1630.0000,1593.1000,1599.0000,,
2025-04-15,1598.9548,1601.4046,1605.0000,1590.0000,1604.0000,,
2025-04-16,1599.7991,1603.1592,1620.0000,1575.0000,1599.0000,,
2025-04-17,1599.9384,1599.9267,1603.0000,1595.0000,1600.5000,,
2025-04-22,1602.6318,1603.1614,1610.0000,1598.5000,1606.0000,,
2025-04-23,1602.3043,1603.5097,1606.0000,1591.2300,1603.0000,,
2025-04-24,1601.8226,1603.0128,1607.0000,1599.9900,1605.0000,,
2025-04-25,1599.5491,1599.4233,1605.0000,1580.0000,1589.0000,,
2025-04-28,1599.9452,1601.3785,1603.5000,1596.0000,1596.0000,,
2025-04-29,1599.7055,1600.0409,1602.0200,1596.7000,1602.0000,,
2025-04-30,1596.6891,1599.4955,1603.5000,1580.0000,1602.0000,,
2025-05-02,1602.1811,1602.6901,1606.5000,1600.0000,1606.0000,,
2025-05-05,1605.6284,1606.9066,1611.0000,1601.9800,1605.0000,,
2025-05-06,1606.6413,1606.7500,1609.5000,1603.0000,1609.0000,,
2025-05-07,1608.6036,1610.4596,1615.0000,1605.0100,1612.0000,,
2025-05-08,1609.6357,1609.5736,1614.0000,1608.0000,1608.1000,,
2025-05-09,1606.1524,1606.6412,1609.0000,1604.3900,1607.0000,,
2025-05-12,1600.4396,1600.2997,1605.0500,1595.0000,1597.7000,,
2025-05-13,1600.0307,1600.0070,1610.5000,1597.0000,1599.7500,,
2025-05-14,1596.7000,1596.7469,1600.0000,1595.0000,1596.0100,,
2025-05-15,1599.3294,1600.1503,1604.0000,1597.1000,1599.9900,,
2025-05-16,1598.7210,1599.5733,1603.5000,1597.0000,1599.0100,,
2025-05-19,1598.6885,1598.9389,1601.5000,1580.0000,1597.0000,,
2025-05-20,1590.4571,1591.2487,1599.5000,1560.0000,1588.5000,,
2025-05-21,1584.4966,1584.2558,1590.0000,1582.5000,1583.0000,,
2025-05-22,1584.9542,1584.9881,1588.5000,1582.0000,1586.0000,,
2025-05-23,1580.4411,1581.5919,1585.0000,1575.1300,1579.0000,,
2025-05-26,1579.4080,1579.6454,1583.0000,1578.0000,1583.0000,,
2025-05-27,1583.7388,1585.7599,1591.0000,1581.9200,1590.0000,,
2025-05-28,1590.7471,1591.6037,1595.0000,1589.5000,1592.0000,,
2025-05-29,1586.1520,1586.4941,1590.7000,1584.5000,1587.0000,,
2025-05-30,1586.1524,1586.1940,1589.0000,1584.5000,1585.5000,,
2025-06-02,1581.5866,1581.4840,1584.0000,1579.0000,1580.0000,,
2025-06-03,1579.2750,1579.4540,1582.0000,1577.0100,1579.0000,,
2025-06-04,1565.4625,1565.9481,1577.0000,1556.5000,1564.0000,,
2025-06-05,1553.1157,1552.6193,1560.0000,1545.0000,1551.0000,,
2025-06-10,1540.0481,1540.2364,1557.9800,1532.0000,1540.0000,,
2025-06-11,1539.7248,1539.9600,1546.5000,1538.0000,1545.0000,,
2025-06-13,1549.3511,1551.8473,1570.0000,1537.0000,1554.0000,,
2025-06-16,1544.6264,1544.5692,1555.0000,1541.0000,1543.0000,,
2025-06-17,1545.2650,1545.2892,1547.9000,1541.0000,1547.5000,,
2025-06-18,1549.2093,1549.1291,1551.0000,1547.5000,1550.9000,,
2025-06-19,1549.4193,1550.5547,1553.9900,1546.0000,1551.0000,,
2025-06-20,1547.3636,1547.7079,1552.0000,1545.0000,1547.0000,,
2025-06-23,1548.5237,1548.5289,1551.0000,1545.0000,1550.0000,,
2025-06-24,1549.0368,1549.0886,1550.5000,1547.5000,1550.0000,,
2025-06-25,1549.2616,1549.2104,1553.0000,1548.0000,1549.0000,,
2025-06-26,1536.0817,1543.9363,1549.5000,1534.0000,1543.0000,,
2025-06-27,1539.2359,1538.6213,1547.0000,1535.9000,1537.0000,,
2025-06-30,1529.7105,1529.7371,1533.0000,1528.0000,1532.0000,,
2025-07-01,1529.5795,1529.6342,1531.5000,1521.0000,1527.0000,,
2025-07-02,1526.1577,1526.3121,1532.0000,1524.0000,1525.0000,,
2025-07-03,1525.8246,1525.9991,1527.5000,1524.5000,1527.5000,,
2025-07-04,1528.5616,1528.4902,1530.0000,1526.0000,1528.5000,,
2025-07-07,1528.3301,1520.0000,1531.0000,1520.0000,1529.5000,,
2025-07-08,1529.2230,1529.8959,1532.5000,1527.0000,1530.5000,,
2025-07-09,1520.7490,1525.7581,1530.0000,1520.0000,1520.0000,,
2025-07-10,1525.9800,1526.6000,1531.0000,1520.0000,1531.0000,,
2025-07-11,1530.2634,1531.1000,1535.0000,1516.0000,1532.0000,,
2025-07-14,1518.8873,1529.7495,1532.0000,1515.0000,1528.6500,,
2025-07-16,1530.2562,1529.9647,1533.0000,1527.0000,1531.0000,,
2025-07-17,1533.1109,1533.2244,1538.0000,1520.0000,1536.0000,,
2025-07-18,1532.3405,1533.3218,1536.5000,1528.0000,1535.0000,,
2025-07-21,1532.5428,1533.6442,1535.4500,1529.0000,1535.0000,,
2025-07-22,1535.2369,1535.4759,1537.0000,1534.0000,1536.0000,,
2025-07-23,1535.6169,1536.0440,1537.5500,1530.0000,1537.0000,,
2025-07-24,1534.7887,1534.8800,1537.4500,1533.5000,1534.0000,,
2025-07-25,1534.7193,1534.6600,1536.0000,1534.0000,1534.5000,,
2025-07-28,1534.2090,1534.3900,1535.5000,1532.0000,1535.5000,,
2025-07-29,1533.1823,1533.2945,1535.5000,1520.0000,1532.5000,,
2025-07-30,1534.5214,1534.4838,1535.5000,1532.0000,1537.0000,,
2025-07-31,1533.5540,1533.6900,1535.0000,1533.0000,1534.0000,,
2025-08-01,1533.7443,1533.9400,1535.5000,1532.0000,1535.5000,,
2025-08-04,1531.9540,1532.6500,1534.5000,1529.5100,1533.8500,,
2025-08-05,1533.1032,1533.0300,1534.0000,1532.0000,1533.5000,,
2025-08-06,1534.4368,1534.5063,1537.2500,1528.0000,1537.2500,,
2025-08-07,1533.7313,1534.3400,1535.9900,1531.9900,1535.0000,,
2025-08-08,1533.5652,1534.2900,1536.0000,1532.5000,1534.9000,,
2025-08-11,1535.9285,1535.9673,1538.4500,1526.0000,1538.4500,,
2025-08-12,1537.0949,1537.3764,1543.0000,1535.9000,1536.8500,,
2025-08-13,1534.8274,1534.9110,1536.5000,1533.0000,1535.4900,,
2025-08-14,1534.5244,1534.5409,1535.5000,1533.5000,1534.0000,,
2025-08-15,1532.5145,1532.7332,1535.0000,1529.7500,1530.0000,,
2025-08-18,1533.6715,1533.7785,1535.0000,1532.0000,1534.8000,,
2025-08-19,1534.9346,1534.9272,1535.5000,1534.0000,1534.5000,,
2025-08-20,1536.7346,1536.1774,1538.5000,1534.0000,1537.9900,,
2025-08-21,1535.7833,1535.8910,1538.0000,1535.2500,1535.5100,,
2025-08-22,1535.0379,1535.0801,1536.0000,1534.5000,1535.0100,,
2025-08-25,1536.4245,1536.5092,1537.0000,1535.5000,1536.9900,,
2025-08-26,1537.6160,1538.0094,1539.5000,1536.5000,1538.0000,,
2025-08-27,1537.0748,1537.1957,1538.5000,1536.2500,1537.2000,,
2025-08-28,1535.4746,1535.6077,1538.5400,1535.0000,1533.0000,,
2025-08-29,1531.5703,1531.4451,1534.5000,1525.0000,1531.0000,,
2025-09-01,1526.0940,1526.1044,1531.0000,1522.0000,1527.9000,,
2025-09-02,1526.0565,1525.7644,1528.0000,1523.0000,1525.4500,,
2025-09-03,1521.4569,1521.3192,1525.0000,1518.0000,1522.0000,,
2025-09-04,1514.8671,1512.9563,1529.0000,1508.0000,1511.5000,,
2025-09-08,1506.8433,1507.8487,1513.0000,1501.5000,1513.0000,,
2025-09-09,1506.0850,1506.2073,1509.5000,1497.0000,1506.5000,,
2025-09-10,1500.9152,1501.2970,1507.0000,1498.0000,1502.5000,,
2025-09-11,1502.1311,1502.1381,1503.5000,1501.0000,1503.0000,,
2025-09-12,1501.4991,1501.8676,1503.5000,1498.0000,1503.5000,,
2025-09-15,1497.4655,1497.2338,1502.0000,1493.0000,1495.0000,,
2025-09-16,1484.1395,1484.6189,1490.0000,1479.5000,1485.0500,,
2025-09-17,1494.0126,1494.7452,1498.5000,1488.0000,1498.0000,,
2025-09-18,1498.9763,1499.6397,1510.0000,1487.0000,1490.0000,,
2025-09-19,1487.8962,1489.4941,1499.0000,1481.0000,1488.0000,,
2025-09-22,1488.6017,1488.9247,1492.0000,1486.0000,1491.4900,,
2025-09-23,1487.3651,1488.9179,1495.0000,1482.5500,1493.2000,,
2025-09-24,1488.5642,1490.0633,1498.0000,1481.0000,1486.8000,,
2025-09-25,1488.2578,1488.3488,1491.9900,1485.0000,1485.0000,,
2025-09-26,1480.6570,1480.3260,1487.0000,1471.0000,1480.0000,,
2025-09-29,1476.3477,1480.9871,1486.5000,1475.0000,1480.1500,,
2025-09-30,1475.3473,1476.8276,1480.0000,1470.0000,1478.0000,,
2025-10-02,1455.2373,1455.4210,1468.0000,1445.0000,1464.8500,,
2025-10-03,1465.6776,1464.9399,1472.0000,1446.0000,1469.0000,,
2025-10-06,1470.2614,1470.8435,1475.5000,1464.0000,1464.0000,,
2025-10-07,1471.0892,1472.1659,1477.0000,1467.0500,1472.0000,,
2025-10-08,1470.6202,1470.6204,1475.0000,1468.0000,1469.0000,,
2025-10-09,1466.6526,1466.4537,1472.0000,1463.5000,1464.0000,,
2025-10-10,1455.1730,1455.3533,1462.5000,1445.0000,1458.0000,,
2025-10-13,1457.5122,1457.3404,1463.5000,1448.0000,1460.0000,,
2025-10-14,1463.2342,1464.0802,1474.0000,1457.0000,1467.0100,,
2025-10-15,1473.2943,1472.8748,1479.0000,1465.0000,1472.5000,,
2025-10-16,1471.0299,1471.8759,1475.0000,1464.4200,1474.0000,,
2025-10-17,1475.3516,1475.2843,1482.0000,1469.0000,1471.0000,,
2025-10-20,1465.2936,1465.5410,1470.0000,1464.0000,1464.0000,,
2025-10-21,1463.4520,1463.6465,1466.5000,1462.0000,1464.5000,,
2025-10-22,1463.4375,1463.5756,1466.0000,1452.0000,1462.0000,,
2025-10-23,1460.4939,1460.6637,1464.0000,1458.0000,1461.0000,,
2025-10-24,1457.9571,1458.4056,1463.0000,1455.5000,1455.5000,,
2025-10-27,1452.7943,1453.0716,1457.0000,1450.0000,1452.5000,,
2025-10-28,1448.2050,1448.3225,1456.0000,1445.0000,1447.0000,,
2025-10-29,1444.4220,1444.3530,1450.0000,1442.0000,1445.0000,,
2025-10-30,1436.9701,1437.2577,1445.0000,1431.0000,1431.0000,,
2025-10-31,1421.7343,1422.2480,1434.5000,1415.0100,1427.5000,,
2025-11-03,1436.3427,1436.4423,1440.0000,1430.6000,1438.0000,,
2025-11-04,1433.6585,1434.8473,1442.4500,1430.0000,1441.7500,,
2025-11-05,1438.4950,1439.0155,1446.0000,1435.0000,1440.0000,,
2025-11-06,1436.7420,1436.7294,1441.0000,1434.0000,1437.5000,,
2025-11-07,1436.5778,1436.6961,1438.5000,1434.5000,1438.5000,,
2025-11-10,1437.2933,1437.6291,1442.0000,1435.0000,1437.5000,,
2025-11-11,1438.7110,1439.1116,1440.8900,1436.0000,1440.8900,,
2025-11-12,1443.0804,1442.9457,1444.8500,1438.0000,1444.8500,,
2025-11-13,1440.1723,1440.1988,1445.5000,1437.0000,1440.9500,,
2025-11-14,1442.4309,1442.5907,1444.9500,1435.0300,1444.0000,,
2025-11-17,1448.0304,1447.7089,1450.2500,1440.0000,1447.0000,,
2025-11-18,1447.4297,1449.7528,1459.0000,1440.0000,1458.0000,,
2025-11-19,1454.1849,1455.5981,1460.5000,1449.9600,1451.0000,,
2025-11-20,1452.1342,1452.4654,1459.9900,1450.0000,1459.9500,,
2025-11-21,1456.7249,1457.3822,1462.0000,1453.6100,1458.0000,,
2025-11-24,1453.8443,1454.2481,1462.5000,1451.0000,1452.0000,,
2025-11-25,1446.3156,1446.3205,1455.0000,1441.0000,1441.0000,,
2025-11-26,1442.9201,1443.2030,1445.5000,1436.5000,1442.0000,,
2025-11-27,1443.9028,1444.0199,1446.0000,1442.0000,1445.9000,,
2025-11-28,1446.7421,1446.9735,1449.7500,1445.0000,1446.9000,,
2025-12-01,1448.4355,1448.4043,1452.0000,1445.0000,1450.0100,,
2025-12-02,1445.3929,1445.3581,1450.5000,1443.0000,1447.0000,,
2025-12-03,1447.6494,1447.8217,1450.0000,1443.5000,1447.5000,,
2025-12-04,1447.8263,1448.6496,1450.0000,1446.0000,1449.0000,,
2025-12-05,1450.4287,1452.3895,1456.0000,1448.2900,1454.0000,,
2025-12-08,1451.8630,1453.3639,1457.0000,1450.2500,1454.0000,,
2025-12-09,1454.3805,1454.4270,1456.5000,1450.2500,1454.0000,,
2025-12-10,1455.3823,1456.1241,1458.0000,1453.7600,1458.0000,,
2025-12-11,1456.0656,1456.4073,1459.0000,1453.5500,1455.2500,,
2025-12-12,1454.4123,1454.5012,1458.5000,1453.0000,1455.5000,,
2025-12-15,1451.8169,1452.3837,1455.0000,1450.0000,1454.0000,,
2025-12-16,1455.0817,1455.4802,1458.9900,1452.0000,1457.0000,,
2025-12-17,1455.4983,1457.8395,1460.7500,1453.0700,1458.0200,,
2025-12-18,1457.8402,1459.3597,1462.9000,1456.5000,1462.9000,,
2025-12-19,1464.4974,1465.5126,1469.9000,1460.0000,1466.5000,,
2025-12-22,1456.5637,1457.3517,1466.0000,1431.0000,1456.0000,,
2025-12-23,1449.9869,1450.3049,1455.5000,1447.5000,1452.0000,,
2025-12-24,1443.3767,1445.8479,1455.0000,1435.0100,1451.0000,,
2025-12-29,1442.5126,1444.3550,1450.0000,1438.1500,1446.4000,,
2025-12-30,1445.6828,1445.6766,1447.0000,1443.0000,1445.0000,,
2025-12-31,1435.7571,1436.3106,1439.5000,1427.0000,1429.0000,,
2026-01-02,1430.8479,1431.1265,1438.5000,1427.0000,1431.0000,,
2026-01-05,1429.3054,1429.4128,1433.0000,1424.0000,1428.0000,,
2026-01-06,1419.0650,1420.1161,1426.0000,1414.0000,1416.0000,,
2026-01-07,1418.2606,1418.4442,1423.0000,1415.0000,1421.0000,,
2026-01-08,1419.7151,1419.9258,1422.0000,1418.0000,1421.0000,,
2026-01-09,1423.1674,1424.2720,1430.0000,1420.1500,1424.5000,,
2026-01-12,1421.4581,1421.9705,1426.0000,1419.0000,1425.0000,,
2026-01-13,1419.6585,1419.8775,1424.0000,1418.0000,1420.2500,,
2026-01-14,1420.0375,1420.2002,1421.0000,1419.0000,1419.5000,,
2026-01-15,1419.2844,1419.5368,1422.0000,1418.0000,1420.0000,,
2026-01-16,1417.9483,1418.1656,1420.5000,1416.8000,1417.9500,,
2026-01-19,1420.2814,1420.3325,1421.0000,1419.5000,1420.5000,,
2026-01-20,1419.3452,1419.3920,1421.0000,1418.4000,1420.0000,,
2026-01-21,1420.6920,1421.0570,1423.0000,1419.0000,1423.0000,,
2026-01-22,1422.0703,1422.1474,1423.5000,1421.0000,1421.5000,,
2026-01-23,1421.6265,1421.7565,1423.5000,1420.0000,1421.9000,,
2026-01-26,1418.9522,1418.6025,1422.5000,1415.1000,1416.5000,,
2026-01-27,1401.2209,1408.2815,1415.0000,1400.0000,1409.5000,,
2026-01-28,1399.9503,1400.7368,1409.0000,1392.0000,1394.0000,,
2026-01-29,1396.9909,1380.7160,1400.0000,1367.0000,1385.0000,,
2026-01-30,1386.5532,1387.1074,1392.0000,1381.0000,1391.0000,,
2026-02-02,1390.3622,1390.5387,1396.0000,1381.0000,1384.5000,,
2026-02-03,1372.9142,1372.5186,1387.0000,1360.0000,1367.0000,,
2026-02-04,1358.2839,1357.1987,1365.0000,1348.0000,1359.0000,,
2026-02-05,1366.0573,1366.3652,1370.0000,1361.8000,1368.0000,,
2026-02-06,1366.1954,1366.7828,1373.0000,1361.0000,1363.0000,,
2026-02-09,1354.2574,1354.5854,1360.0000,1352.5000,1354.9000,,
2026-02-10,1351.0205,1351.0554,1354.0000,1349.3000,1349.5000,,
2026-02-11,1348.9529,1348.8069,1351.5000,1345.0000,1350.0000,,
2026-02-12,1353.6556,1354.0747,1357.0000,1350.0000,1355.0000,,
2026-02-13,1355.4181,1355.4474,1358.0000,1353.0000,1358.0000,,
2026-02-16,1347.7789,1348.1149,1353.0000,1342.5000,1344.0000,,
2026-02-17,1335.9580,1334.6334,1344.0000,1318.0000,1337.0000,,
2026-02-18,1338.1066,1337.1657,1340.0000,1328.0000,1340.0000,,
2026-02-19,1341.3509,1339.5458,1350.0000,1332.2500,1346.0000,,
2026-02-20,1346.3234,1346.0829,1349.2500,1343.0000,1348.0000,,
2026-02-23,1349.2352,1349.2371,1354.5000,1343.0000,1353.5000,,
2026-02-24,1355.3745,1356.4223,1362.0000,1351.5000,1359.0000,,
2026-02-25,1356.1141,1356.9775,1361.5000,1353.0000,1359.5000,,
2026-02-26,1359.8181,1359.8007,1362.9000,1356.5000,1361.5000,,
2026-02-27,1363.3954,1364.7455,1369.0000,1345.0000,1368.5000,,
2026-03-02,1378.0246,1378.4822,1397.0000,1368.5000,1376.0000,,
2026-03-03,1384.2920,1386.9084,1405.0000,1370.0000,1390.0000,,
2026-03-04,1387.0955,1388.1350,1400.0000,1382.5000,1382.6500,,
2026-03-05,1387.4475,1387.8597,1392.0000,1385.5000,1388.0000,,
2026-03-06,1393.2556,1394.5528,1404.0000,1398.0000,1398.0000,,
2026-03-09,1405.6238,1411.3353,1425.0000,1402.3000,1425.0000,,
2026-03-10,1401.4014,1400.1341,1415.5000,1381.0000,1390.5000,174,207731897.1800
2026-03-11,1376.1925,1377.0949,1388.0000,1373.0000,1373.5000,138,154187115.8500
2026-03-12,1371.5063,1372.6543,1390.0000,1362.0000,1370.0000,142,159698548.2500
2026-03-13,1366.2330,1366.4089,1374.0000,1362.0000,1363.5000,146,179911783.7500
2026-03-16,1357.7697,1358.7150,1365.3500,1354.0000,1355.0000,88,85753860.5300
2026-03-17,1344.4158,1344.5358,1355.0000,1340.0000,1345.0000,136,104480615.9400
2026-03-18,1353.9018,1355.0659,1362.0000,1349.0000,1362.0000,86,72440479.8000
2026-03-23,1388.3841,1387.7055,1399.0000,1380.0000,1383.0000,144,188126108.1700
2026-03-24,1382.6325,1381.8642,1389.0000,1372.0000,1383.5000,88,83438436.1400
2026-03-25,1386.7049,1387.2227,1391.5000,1376.0000,1391.0000,64,55697548.7500
2026-03-26,1383.8830,1385.5284,1391.0000,1375.0000,1389.0000,107,91529942.5600
2026-03-27,1380.5766,1381.0235,1384.5000,1377.0000,1384.2500,141,172892372.8600
2026-03-30,1383.5814,1384.5513,1391.0000,1380.0000,1386.7500,115,145291920.4400
2026-03-31,1386.7156,1386.6932,1388.0000,1385.5000,1387.0000,44,30953116.8800
2026-04-01,1378.7011,1378.4936,1384.5000,1372.0000,1376.0000,130,116217839.1900
2026-04-02,1380.7942,1380.9818,1385.0000,1373.0000,1382.7500,87,73900416.5600
2026-04-07,1386.6573,1386.3062,1390.0000,1381.0000,1389.0000,71,48655051.7800
2026-04-08,1371.8224,1371.6130,1388.0000,1363.5000,1369.0000,220,214396575.2100
2026-04-09,1359.3156,1359.8950,1365.0000,1351.5000,1365.0000,115,71156419.4100
2026-04-10,1356.8898,1356.8947,1362.5000,1354.5000,1355.2500,141,114887519.2200
2026-04-13,1356.1852,1356.7600,1363.0000,1355.0000,1358.0000,59,38256459.3500
2026-04-14,1343.7658,1344.3746,1350.0000,1334.0000,1348.0000,175,141315924.0700
2026-04-15,1343.7409,1343.8061,1350.0000,1341.9900,1341.9900,133,114347759.1600
2026-04-16,1342.3037,1342.2405,1344.0000,1340.0000,1341.0100,82,74255410.5000
2026-04-17,1343.6398,1343.4224,1348.0000,1340.0000,1342.5000,145,124340850.7500
2026-04-20,1349.6737,1349.7223,1353.0000,1341.0000,1349.6737,39,18773628.7600
2026-04-21,1350.7402,1350.0253,1357.0000,1345.0000,1350.9900,106,91866469.3000
2026-04-22,1348.4492,1348.6563,1350.4500,1340.0000,1348.1000,87,66084656.8000
2026-04-23,1353.9081,1354.1859,1355.8000,1350.0000,1355.0000,46,28117882.7900
2026-04-24,1358.4351,1358.6634,1361.5000,1354.0000,1361.5000,68,43562536.9400
2026-04-27,1364.2374,1364.5433,1370.0000,1359.5000,1369.0000,79,76650806.0000
2026-04-28,1380.7066,1380.1973,1385.0000,1367.5000,1383.0000,78,98829352.9800
2026-04-29,1379.4605,1378.4720,1386.0000,1365.0000,1370.5000,180,249905525.0500
2026-04-30,1374.9431,1375.1925,1378.0000,1370.0000,1374.0000,53,58028241.9900
2026-05-04,1365.2474,1365.8909,1374.5000,1362.0000,1367.5000,85,59933913.5500
2026-05-05,1366.5592,1366.2722,1370.5000,1362.0000,1362.0000,99,71587752.8800
2026-05-06,1357.3371,1357.4116,1365.5000,1350.0000,1361.0000,161,158179829.5200
2026-05-07,1355.8502,1355.9429,1360.5000,1354.0000,1358.0100,118,145842388.0500
2026-05-08,1361.3950,1361.4499,1366.5000,1355.0000,1364.0000,91,78150527.2400
2026-05-11,1373.1640,1372.9822,1375.0000,1367.0000,1375.0000,67,51170646.0700
2026-05-12,1375.6219,1375.9053,1377.9900,1372.7500,1373.0000,104,74467573.5400
2026-05-13,1370.5600,1370.2200,1376.0000,1367.0000,1368.9500,130,130549292.3700
2026-05-14,1370.8862,1370.9728,1372.0000,1369.5000,1371.0000,103,78783634.2300
2026-05-15,1371.0391,1371.4966,1373.9000,1369.0000,1372.0000,58,48487630.5300
2026-05-18,1373.7004,1373.6416,1374.5000,1370.0000,1373.5000,92,76296960.9500
2026-05-19,1373.8717,1373.8262,1374.9900,1370.0000,1373.6500,76,72423803.6300
2026-05-20,1373.3431,1373.4098,1374.0000,1372.5000,1372.5000,112,68020779.1700
2026-05-21,1372.3079,1372.3163,1374.0000,1370.0000,1372.7500,105,116043716.8500
2026-05-22,1375.4580,1375.6624,1377.9000,1374.0000,1375.0000,84,62344540.6300
2026-05-25,1374.9172,1374.9075,1377.0000,1373.0000,1377.0000,71,55786728.9400
2026-05-26,1375.4073,1375.4419,1376.9900,1374.0000,1374.0000,110,73598208.4900
2026-05-29,1373.2545,1373.2190,1375.0000,1372.0000,1372.0000,110,78838630.8700
2026-06-01,1366.7950,1366.7305,1373.5000,1360.0000,1366.0000,164,177927558.0600
2026-06-02,1361.0497,1361.1062,1365.0000,1359.5000,1360.2200,168,169822150.8000
2026-06-03,1357.2615,1358.0835,1370.0000,1350.0000,1360.0000,136,133731186.5700
2026-06-04,1358.7478,1359.1385,1361.5000,1356.7500,1359.7500,121,128171224.0900
2026-06-05,1362.2123,1362.4730,1366.0000,1360.0000,1365.0000,90,73565937.1700
2026-06-08,1362.8397,1362.8906,1365.5000,1361.0000,1362.1600,90,92248407.2500
2026-06-09,1360.5519,1360.7971,1363.0000,1359.0000,1359.5000,146,141885712.5500
2026-06-10,1362.0549,1362.1250,1363.5000,1360.0000,1363.0000,109,75374336.0100
2026-06-11,1363.8250,1363.9476,1365.5000,1362.0000,1365.4000,84,70420656.4900
2026-06-15,1356.2704,1356.5328,1360.0000,1354.5000,1356.0000,193,184337908.0000
2026-06-16,1357.1808,1357.1743,1359.0000,1355.5000,1356.5000,125,125686356.8400
2026-06-17,1360.0725,1360.1364,1361.5000,1357.0000,1361.5000,74,54293411.2200
2026-06-18,1363.3040,1363.2544,1366.0000,1361.0000,1365.5000,85,69918476.8500
2026-06-19,1370.4556,1370.7539,1374.0000,1365.0000,1371.5000,59,39897141.5200
2026-06-22,1369.1064,1369.3293,1373.0000,1368.0000,1369.0000,94,65206726.6500
2026-06-23,1370.6373,1370.7927,1375.0000,1365.5000,1373.0000,106,125314378.0300
2026-06-24,1380.0775,1380.4642,1392.0000,1368.0000,1389.0000,126,125588564.5200
2026-06-25,1380.1079,1382.1840,1390.5000,1376.0000,1383.0000,121,195371554.8200
2026-06-26,1380.9329,1382.0238,1385.5000,1376.0000,1384.0000,108,124215262.5500
2026-06-29,1383.6262,1384.4250,1390.0000,1377.5000,1385.0000,173,223938283.7100
2026-06-30,1379.6842,1379.3691,1384.0000,1370.0000,1376.0000,166,269898243.4900
2026-07-01,1372.4072,1372.0429,1378.5000,1368.0000,1369.0000,91,90303679.6400
2026-07-02,1370.1516,1370.1250,1373.0000,1360.0000,1371.4000,94,85517557.2100
2026-07-03,1370.1904,1370.1732,1373.0000,1369.0000,1370.0000,82,70430599.0800
2026-07-06,1368.2664,1368.8550,1371.9000,1366.0000,1371.0000,70,54180728.7400
2026-07-07,1375.7463,1375.2560,1380.0000,1369.0000,1379.0000,47,41736253.1500
2026-07-08,1379.0675,1379.7299,1387.0000,1376.0000,1379.0000,150,208094423.9300
2026-07-09,1378.4313,1378.4086,1380.0000,1376.5000,1379.2500,106,78708378.2400
2026-07-10,1379.6201,1379.7238,1382.0000,1375.0000,1381.7000,87,71044974.2400
2026-07-13,1379.6504,1379.8361,1381.5000,1378.0000,1380.5000,85,86136414.3100
2026-07-14,1383.0755,1383.3109,1386.9900,1381.0000,1382.0000,140,243095630.6600
2026-07-15,1382.1841,1382.7437,1384.5000,1379.5000,1383.5000,115,121727034.7100
2026-07-16,1381.5299,1381.4818,1383.5000,1380.0000,1381.0000,120,205366033.7700
2026-07-17,1380.1847,1380.8787,1382.0000,1378.0000,1381.5000,102,287832043.4700
2026-07-20,1380.1093,1380.7407,1382.9900,1378.5000,1378.5000,68,266227187.5600
2026-07-21,1375.3083,1376.4566,1379.0000,1374.0000,1374.5000,110,322664556.4900
2026-07-22,1369.6346,1369.3025,1378.0000,1365.0000,1369.0000,198,416420896.0300
2026-07-23,1367.7574,1367.6609,1370.0000,1365.0000,1365.0000,122,334126161.7100
2026-07-24,1362.0866,1362.2431,1365.0000,1359.0000,1361.0000,87,89082038.0700
2026-07-27,1362.2064,1362.5500,1365.5000,1359.0000,1364.0000,55,39587587.6400
2026-07-28,1365.5303,1365.7566,1368.0000,1363.0000,1365.0000,121,102954228.5000
2026-07-29,1366.7140,1366.6145,1368.0000,1362.0000,1366.5000,86,61034031.0400
2026-07-30,1366.7278,1367.3380,1370.0000,1365.0000,1368.5000,71,58423914.4500
2026-07-31,1368.2232,1368.2963,1372.0000,1360.0000,1368.0000,67,58990198.5400
2026-08-03,1364.8344,1364.8900,1368.0000,1362.0000,1365.0000,138,137048134.4000
2026-08-04,1362.5542,1362.5576,1364.7000,1361.0000,1362.0000,139,156228536.5900
2026-08-05,1363.8491,1363.7632,1364.9000,1361.7500,1363.1100,82,75357793.3200
2026-08-06,1364.8846,1364.8636,1366.5000,1363.0000,1365.1000,106,98804794.6300
2026-08-07,1365.6856,1365.4776,1367.0000,1363.0000,1364.0000,107,393477095.8200
2026-08-10,1360.1415,1360.1453,1364.2500,1358.5000,1361.5000,182,213845122.1500
2026-08-11,1364.8992,1364.5762,1365.5000,1361.0000,1365.0000,47,29060133.9900
2026-08-12,1360.5792,1360.7155,1362.0000,1359.5500,1360.1500,190,168758282.3800
2026-08-13,1357.6516,1357.8996,1359.5000,1356.0000,1356.5000,98,79097403.0000
2026-08-14,1357.6088,1357.7188,1360.0000,1356.5000,1358.2500,137,119594435.1400
2026-08-17,1349.5372,1350.9847,1361.0000,1347.0000,1350.0000,178,437529505.0200
2026-08-18,1343.3202,1350.4686,1353.5000,1340.0000,1350.7000,108,364709696.5600
2026-08-19,1350.4134,1351.2237,1353.0000,1348.0000,1351.0000,100,370980844.3200
2026-08-20,1347.6284,1348.8743,1351.5000,1347.0000,1347.5000,134,371788157.8200
2026-08-21,1346.4913,1346.0659,1348.0000,1342.0000,1346.9000,294,159732363.9600
2026-08-24,1346.9760,1346.9250,1350.0000,1345.0000,1349.9900,144,152595911.8200
2026-08-26,1343.5943,1343.5066,1346.5000,1341.0000,1343.0000,213,235991802.8500
2026-08-27,1338.5865,1338.7551,1345.0000,1335.0000,1336.0000,176,191694405.6000
2026-08-28,1337.2873,1337.2931,1339.5000,1335.0000,1337.0000,146,130685644.2800
2026-08-31,1332.9396,1333.2198,1343.0000,1320.0000,1335.5000,118,106643415.7000
2026-09-01,1329.4300,1329.6763,1335.5000,1327.0000,1329.0000,139,139454633.7900
2026-09-02,1326.6862,1326.2774,1336.0000,1323.0000,1324.5000,105,93655756.9800
2026-09-03,1315.6717,1315.7944,1324.0000,1302.0000,1322.5000,153,152042840.2100
2026-09-04,1321.2160,1321.0693,1324.0000,1319.4500,1322.5000,98,113881503.1000
2026-09-07,1320.5574,1320.6710,1322.5000,1318.5000,1320.0000,119,107069464.7700
2026-09-08,1320.2469,1320.1707,1323.0000,1318.0000,1322.9000,58,55604004.2800
2026-09-09,1329.2129,1329.4416,1334.0000,1321.5000,1334.0000,86,94425781.1900
2026-09-10,1328.2154,1328.6468,1333.0000,1322.7100,1328.0000,234,357296205.4600
2026-09-11,1326.5192,1328.3377,1331.0000,1324.0000,1328.5000,107,148848812.4800
